{
    // Use IntelliSense to learn about possible attributes.
    // Hover to view descriptions of existing attributes.
    // For more information, visit: https://go.microsoft.com/fwlink/?linkid=830387
    "version": "0.2.0",
    "configurations": [
        {
            "name": "Launch via NPM",
            "request": "launch",
            "runtimeArgs": [
                "run-script",
                "debug"
            ],
            "runtimeExecutable": "npm",
            "skipFiles": [
                "<node_internals>/**"
            ],
            "type": "node"
        },
        {
            "type": "chrome",
            "request": "launch",
            "name": "Launch Chrome against localhost",
            "url": "http://localhost:8080",
            "webRoot": "${workspaceFolder}"
        }
    ]
}